Name,Mean,MeanLB,MeanUB,Stddev,StddevLB,StddevUB
check/all,3.946397769014956e-2,3.7624583325889915e-2,4.458555358451471e-2,5.8937411406756e-3,2.302415610924374e-3,1.0223467699948833e-2
Name,Mean,MeanLB,MeanUB,Stddev,StddevLB,StddevUB
check/all,4.201142317215872e-2,3.963498183432477e-2,5.1101933539173604e-2,8.068438265656805e-3,1.185028788039882e-3,1.5015258505819758e-2
Name,Mean,MeanLB,MeanUB,Stddev,StddevLB,StddevUB
check/all,4.537916698585369e-2,4.292320680978266e-2,5.442242958865102e-2,8.151062735738178e-3,1.626554327917802e-3,1.5332549092218376e-2
Name,Mean,MeanLB,MeanUB,Stddev,StddevLB,StddevUB
check/all,4.1697072822287636e-2,3.9413314200664636e-2,5.468547691477606e-2,7.961914884812281e-3,1.3907367006029472e-3,1.5002209484696386e-2
