Name,Mean,MeanLB,MeanUB,Stddev,StddevLB,StddevUB
full/with moves,13.93501547104006,13.284895876999144,14.849185978788228,0.8669926982136643,0.35729371333400195,1.0888196473535987
Name,Mean,MeanLB,MeanUB,Stddev,StddevLB,StddevUB
full/with moves,13.893049337958777,13.622362583626455,14.051470009667053,0.2686544411564934,0.10658945772846568,0.36585686982389715
Name,Mean,MeanLB,MeanUB,Stddev,StddevLB,StddevUB
full/with moves,7.859068183770854,7.8046163218750735,7.900785629062497,5.249184208519259e-2,2.904004541666927e-2,6.294143149467175e-2
Name,Mean,MeanLB,MeanUB,Stddev,StddevLB,StddevUB
full/with moves,7.286991968333311,7.214267736333284,7.3439174084999905,7.102560745693591e-2,3.463650435150395e-2,8.489933110360515e-2
