Name,Mean,MeanLB,MeanUB,Stddev,StddevLB,StddevUB
full/with moves,13.93501547104006,13.284895876999144,14.849185978788228,0.8669926982136643,0.35729371333400195,1.0888196473535987
Name,Mean,MeanLB,MeanUB,Stddev,StddevLB,StddevUB
full/with moves,13.893049337958777,13.622362583626455,14.051470009667053,0.2686544411564934,0.10658945772846568,0.36585686982389715
