Name,Mean,MeanLB,MeanUB,Stddev,StddevLB,StddevUB
slow/slow,9.672470259509802e-2,9.361859350361873e-2,0.10467627515758184,7.291413434569813e-3,2.409533768981173e-3,1.1469152581787947e-2
Name,Mean,MeanLB,MeanUB,Stddev,StddevLB,StddevUB
slow/slow,9.276445575577215e-2,9.073154886310385e-2,9.695079280936048e-2,4.282970188076065e-3,5.158689056417977e-4,6.232820220833397e-3
slow/super-slow,9.640738966585806e-3,9.558273366864578e-3,9.704471839178113e-3,2.0238286384202084e-4,1.7859046244878706e-4,2.3555894040663526e-4
