Name,Mean,MeanLB,MeanUB,Stddev,StddevLB,StddevUB
summarize/with 1000position,0.1549253069460182,0.15257600914282235,0.1565770957348504,2.7574782840888543e-3,1.6407910714162086e-3,3.910809292531598e-3
summarize/with 2000position,0.19952656608016292,0.19794330377711353,0.2019185104769551,2.5778571178718315e-3,1.3255369271283205e-3,3.959250198438115e-3
summarize/with 3000position,0.24793326531405907,0.24463042620118358,0.2530866498801333,5.410767201230818e-3,1.3892500785462778e-3,7.793900105996563e-3
summarize/with 4300position,0.3060750369431965,0.30164897709347616,0.31079239300968764,5.8241213399125545e-3,3.3860841483734677e-3,8.77192245218443e-3
